<?xml version='1.0' encoding='UTF-8'?>
<?artifactRepository version='1.1.0'?>
<repository name='file:/home/jossanper/Proyectos/google-big-query-connector/target/update-site/ - artifacts' type='org.eclipse.equinox.p2.artifact.repository.simpleRepository' version='1'>
  <properties size='2'>
    <property name='p2.timestamp' value='1459955604489'/>
    <property name='p2.compressed' value='false'/>
  </properties>
  <mappings size='3'>
    <rule filter='(&amp; (classifier=osgi.bundle))' output='${repoUrl}/plugins/${id}_${version}.jar'/>
    <rule filter='(&amp; (classifier=binary))' output='${repoUrl}/binary/${id}_${version}'/>
    <rule filter='(&amp; (classifier=org.eclipse.update.feature))' output='${repoUrl}/features/${id}_${version}.jar'/>
  </mappings>
  <artifacts size='2'>
    <artifact classifier='org.eclipse.update.feature' id='org.mule.tooling.ui.extension.google-big-query-connector.3.5.0' version='1.0.0.201604061713'>
      <properties size='4'>
        <property name='artifact.size' value='665'/>
        <property name='download.size' value='665'/>
        <property name='download.md5' value='3d05c3234386b91f07185d20048d9ef4'/>
        <property name='download.contentType' value='application/zip'/>
      </properties>
    </artifact>
    <artifact classifier='osgi.bundle' id='org.mule.tooling.ui.contribution.google-big-query.3.5.0' version='1.0.0.201604061713'>
      <properties size='3'>
        <property name='artifact.size' value='3079465'/>
        <property name='download.size' value='3079465'/>
        <property name='download.md5' value='547a5b98072b7b7ab1e5c7ab284f782e'/>
      </properties>
    </artifact>
  </artifacts>
</repository>
